Actual,Predicted,Residual,Residual_Squared,Absolute_Error
875699.81,875699.81,0.0,0.0,0.0
598185.4,598185.4,0.0,0.0,0.0
1427624.5,1427624.5,0.0,0.0,0.0
630327.28,630327.28,0.0,0.0,0.0
1806924.74,1806924.74,0.0,0.0,0.0
949825.83,949825.83,0.0,0.0,0.0
447727.52,447727.52,0.0,0.0,0.0
884042.63,884042.63,0.0,0.0,0.0
610076.32,610076.32,0.0,0.0,0.0
1836714.84,1836714.84,0.0,0.0,0.0
1439432.06,1439432.06,0.0,0.0,0.0
630482.91,630482.91,0.0,0.0,0.0
713173.95,713173.95,0.0,0.0,0.0
311390.22,311390.22,0.0,0.0,0.0
1331883.16,1331883.16,0.0,0.0,0.0
312577.36,312577.36,0.0,0.0,0.0
1609951.02,1609951.02,0.0,0.0,0.0
1364207.0,1364207.0,0.0,0.0,0.0
1421307.2,1421307.2,0.0,0.0,0.0
423192.4,423192.4,0.0,0.0,0.0
789036.02,789036.02,0.0,0.0,0.0
943237.12,943237.12,0.0,0.0,0.0
1757242.51,1757242.51,0.0,0.0,0.0
758182.2,758182.2,0.0,0.0,0.0
1558621.36,1558621.36,0.0,0.0,0.0
428784.7,428784.7,0.0,0.0,0.0
1126685.95,1126685.95,0.0,0.0,0.0
242526.7,242526.7,0.0,0.0,0.0
1705506.29,1705506.29,0.0,0.0,0.0
661163.94,661163.94,0.0,0.0,0.0
1270036.53,1270036.53,0.0,0.0,0.0
1388118.53,1388118.53,0.0,0.0,0.0
1051116.95,1051116.95,0.0,0.0,0.0
1264575.18,1264575.18,0.0,0.0,0.0
1416790.17,1416790.17,0.0,0.0,0.0
1272948.27,1272948.27,0.0,0.0,0.0
290494.85,290494.85,0.0,0.0,0.0
657241.63,657241.63,0.0,0.0,0.0
547586.07,547586.07,0.0,0.0,0.0
2031650.55,2031650.55,0.0,0.0,0.0
431798.64,431798.64,0.0,0.0,0.0
896613.19,896613.19,0.0,0.0,0.0
1324455.72,1324455.72,0.0,0.0,0.0
2248645.59,2248645.59,0.0,0.0,0.0
956251.18,956251.18,0.0,0.0,0.0
554630.42,554630.42,0.0,0.0,0.0
265367.51,265367.51,0.0,0.0,0.0
1106176.83,1106176.83,0.0,0.0,0.0
1264434.7,1264434.7,0.0,0.0,0.0
555183.72,555183.72,0.0,0.0,0.0
350648.91,350648.91,0.0,0.0,0.0
377096.55,377096.55,0.0,0.0,0.0
1743000.38,1743000.38,0.0,0.0,0.0
718470.71,718470.71,0.0,0.0,0.0
1303055.09,1303055.09,0.0,0.0,0.0
1436940.78,1436940.78,0.0,0.0,0.0
2053089.32,2053089.32,0.0,0.0,0.0
905987.17,905987.17,0.0,0.0,0.0
1237104.73,1237104.73,0.0,0.0,0.0
1438830.15,1438830.15,0.0,0.0,0.0
513672.36,513672.36,0.0,0.0,0.0
614940.07,614940.07,0.0,0.0,0.0
585175.24,585175.24,0.0,0.0,0.0
811855.72,811855.72,0.0,0.0,0.0
1245772.7,1245772.7,0.0,0.0,0.0
2025538.76,2025538.76,0.0,0.0,0.0
1842465.78,1842465.78,0.0,0.0,0.0
1887895.07,1887895.07,0.0,0.0,0.0
551058.13,551058.13,0.0,0.0,0.0
900387.29,900387.29,0.0,0.0,0.0
1680693.06,1680693.06,0.0,0.0,0.0
258427.39,258427.39,0.0,0.0,0.0
1107366.06,1107366.06,0.0,0.0,0.0
288320.38,288320.38,0.0,0.0,0.0
818333.21,818333.21,0.0,0.0,0.0
628720.46,628720.46,0.0,0.0,0.0
2135143.87,2135143.87,0.0,0.0,0.0
535087.91,535087.91,0.0,0.0,0.0
524104.92,524104.92,0.0,0.0,0.0
276157.8,276157.8,0.0,0.0,0.0
253731.13,253731.13,0.0,0.0,0.0
331406.0,331406.0,0.0,0.0,0.0
1365824.97,1365824.97,0.0,0.0,0.0
347726.67,347726.67,0.0,0.0,0.0
2173373.91,2173373.91,0.0,0.0,0.0
1050027.89,1050027.89,0.0,0.0,0.0
532765.05,532765.05,0.0,0.0,0.0
756588.42,756588.42,0.0,0.0,0.0
615761.77,615761.77,0.0,0.0,0.0
431266.64,431266.64,0.0,0.0,0.0
1203399.64,1203399.64,0.0,0.0,0.0
1308977.05,1308977.05,0.0,0.0,0.0
459631.74,459631.74,0.0,0.0,0.0
1688935.71,1688935.71,0.0,0.0,0.0
1272809.11,1272809.11,0.0,0.0,0.0
1716755.78,1716755.78,0.0,0.0,0.0
802383.63,802383.63,0.0,0.0,0.0
619133.48,619133.48,0.0,0.0,0.0
1043962.36,1043962.36,0.0,0.0,0.0
661566.48,661566.48,0.0,0.0,0.0
310338.17,310338.17,0.0,0.0,0.0
1017050.65,1017050.65,0.0,0.0,0.0
1670785.97,1670785.97,0.0,0.0,0.0
362952.34,362952.34,0.0,0.0,0.0
1861802.7,1861802.7,0.0,0.0,0.0
900309.75,900309.75,0.0,0.0,0.0
705557.8,705557.8,0.0,0.0,0.0
1648570.03,1648570.03,0.0,0.0,0.0
724468.97,724468.97,0.0,0.0,0.0
1102975.59,1102975.59,0.0,0.0,0.0
1123282.85,1123282.85,0.0,0.0,0.0
1199330.85,1199330.85,0.0,0.0,0.0
1507708.93,1507708.93,0.0,0.0,0.0
466594.89,466594.89,0.0,0.0,0.0
1107432.71,1107432.71,0.0,0.0,0.0
1747289.53,1747289.53,0.0,0.0,0.0
1051121.02,1051121.02,0.0,0.0,0.0
1033719.5,1033719.5,0.0,0.0,0.0
1078905.68,1078905.68,0.0,0.0,0.0
1315610.66,1315610.66,0.0,0.0,0.0
1777166.53,1777166.53,0.0,0.0,0.0
1387517.63,1387517.63,0.0,0.0,0.0
409981.25,409981.25,0.0,0.0,0.0
996147.39,996147.39,0.0,0.0,0.0
1292830.93,1292830.93,0.0,0.0,0.0
1950676.39,1950676.39,0.0,0.0,0.0
667130.48,667130.48,0.0,0.0,0.0
409411.61,409411.61,0.0,0.0,0.0
1179851.68,1179851.68,0.0,0.0,0.0
944523.3,944523.3,0.0,0.0,0.0
930269.79,930269.79,0.0,0.0,0.0
475615.26,475615.26,0.0,0.0,0.0
560104.16,560104.16,0.0,0.0,0.0
1182500.16,1182500.16,0.0,0.0,0.0
2080764.17,2080764.17,0.0,0.0,0.0
1149612.04,1149612.04,0.0,0.0,0.0
895973.02,895973.02,0.0,0.0,0.0
413701.29,413701.29,0.0,0.0,0.0
898289.14,898289.14,0.0,0.0,0.0
1417535.78,1417535.78,0.0,0.0,0.0
855130.21,855130.21,0.0,0.0,0.0
592369.22,592369.22,0.0,0.0,0.0
955913.68,955913.68,0.0,0.0,0.0
1623519.64,1623519.64,0.0,0.0,0.0
928820.0,928820.0,0.0,0.0,0.0
1980405.03,1980405.03,0.0,0.0,0.0
236920.49,236920.49,0.0,0.0,0.0
1371889.27,1371889.27,0.0,0.0,0.0
463752.89,463752.89,0.0,0.0,0.0
1927610.06,1927610.06,0.0,0.0,0.0
2003940.64,2003940.64,0.0,0.0,0.0
357897.18,357897.18,0.0,0.0,0.0
397631.02,397631.02,0.0,0.0,0.0
1363365.05,1363365.05,0.0,0.0,0.0
642963.75,642963.75,0.0,0.0,0.0
379716.91,379716.91,0.0,0.0,0.0
1828010.25,1828010.25,0.0,0.0,0.0
888203.69,888203.69,0.0,0.0,0.0
1261306.37,1261306.37,0.0,0.0,0.0
736805.66,736805.66,0.0,0.0,0.0
1232376.49,1232376.49,0.0,0.0,0.0
281247.97,281247.97,0.0,0.0,0.0
2762861.41,2762861.41,0.0,0.0,0.0
1109105.92,1109105.92,0.0,0.0,0.0
1492388.98,1492388.98,0.0,0.0,0.0
778436.81,778436.81,0.0,0.0,0.0
379530.3,379530.3,0.0,0.0,0.0
642679.81,642679.81,0.0,0.0,0.0
965853.58,965853.58,0.0,0.0,0.0
331965.95,331965.95,0.0,0.0,0.0
475158.24,475158.24,0.0,0.0,0.0
939118.24,939118.24,0.0,0.0,0.0
1472033.38,1472033.38,0.0,0.0,0.0
292498.61,292498.61,0.0,0.0,0.0
695396.19,695396.19,0.0,0.0,0.0
685676.58,685676.58,0.0,0.0,0.0
2161549.76,2161549.76,0.0,0.0,0.0
362758.94,362758.94,0.0,0.0,0.0
1848186.58,1848186.58,0.0,0.0,0.0
2050542.56,2050542.56,0.0,0.0,0.0
677885.99,677885.99,0.0,0.0,0.0
552677.48,552677.48,0.0,0.0,0.0
574798.86,574798.86,0.0,0.0,0.0
507900.07,507900.07,0.0,0.0,0.0
1473868.15,1473868.15,0.0,0.0,0.0
1372484.9,1372484.9,0.0,0.0,0.0
1865820.81,1865820.81,0.0,0.0,0.0
1734834.82,1734834.82,0.0,0.0,0.0
1412065.04,1412065.04,0.0,0.0,0.0
848630.57,848630.57,0.0,0.0,0.0
224031.19,224031.19,0.0,0.0,0.0
1346862.72,1346862.72,0.0,0.0,0.0
770157.29,770157.29,0.0,0.0,0.0
1694551.15,1694551.15,0.0,0.0,0.0
593234.27,593234.27,0.0,0.0,0.0
1426622.65,1426622.65,0.0,0.0,0.0
474653.06,474653.06,0.0,0.0,0.0
1399341.07,1399341.07,0.0,0.0,0.0
870971.82,870971.82,0.0,0.0,0.0
871945.64,871945.64,0.0,0.0,0.0
1422600.43,1422600.43,0.0,0.0,0.0
764014.75,764014.75,0.0,0.0,0.0
928629.31,928629.31,0.0,0.0,0.0
2057138.31,2057138.31,0.0,0.0,0.0
1430378.67,1430378.67,0.0,0.0,0.0
934917.47,934917.47,0.0,0.0,0.0
2039875.75,2039875.75,0.0,0.0,0.0
2480159.47,2480159.47,0.0,0.0,0.0
3749057.69,3749057.69,0.0,0.0,0.0
2316495.56,2316495.56,0.0,0.0,0.0
965056.4,965056.4,0.0,0.0,0.0
706924.02,706924.02,0.0,0.0,0.0
785515.88,785515.88,0.0,0.0,0.0
1636224.77,1636224.77,0.0,0.0,0.0
2258781.28,2258781.28,0.0,0.0,0.0
517546.69,517546.69,0.0,0.0,0.0
2108187.1,2108187.1,0.0,0.0,0.0
521320.98,521320.98,0.0,0.0,0.0
671708.09,671708.09,0.0,0.0,0.0
1710923.94,1710923.94,0.0,0.0,0.0
1352470.09,1352470.09,0.0,0.0,0.0
974907.28,974907.28,0.0,0.0,0.0
1423289.9,1423289.9,0.0,0.0,0.0
354828.65,354828.65,0.0,0.0,0.0
1230250.25,1230250.25,0.0,0.0,0.0
800147.84,800147.84,0.0,0.0,0.0
719591.13,719591.13,0.0,0.0,0.0
3556766.03,3556766.03,0.0,0.0,0.0
451327.61,451327.61,0.0,0.0,0.0
961953.57,961953.57,0.0,0.0,0.0
494069.49,494069.49,0.0,0.0,0.0
1871555.64,1871555.64,0.0,0.0,0.0
943465.29,943465.29,0.0,0.0,0.0
2921709.71,2921709.71,0.0,0.0,0.0
1196813.33,1196813.33,0.0,0.0,0.0
515226.11,515226.11,0.0,0.0,0.0
1402233.69,1402233.69,0.0,0.0,0.0
1485540.28,1485540.28,0.0,0.0,0.0
999348.55,999348.55,0.0,0.0,0.0
1553191.63,1553191.63,0.0,0.0,0.0
1471816.52,1471816.52,0.0,0.0,0.0
675926.3,675926.3,0.0,0.0,0.0
518245.97,518245.97,0.0,0.0,0.0
389427.9,389427.9,0.0,0.0,0.0
1412959.97,1412959.97,0.0,0.0,0.0
2470581.29,2470581.29,0.0,0.0,0.0
526525.16,526525.16,0.0,0.0,0.0
521953.78,521953.78,0.0,0.0,0.0
1620603.92,1620603.92,0.0,0.0,0.0
1045419.87,1045419.87,0.0,0.0,0.0
1878167.44,1878167.44,0.0,0.0,0.0
1041238.87,1041238.87,0.0,0.0,0.0
2739019.75,2739019.75,0.0,0.0,0.0
651970.48,651970.48,0.0,0.0,0.0
314910.37,314910.37,0.0,0.0,0.0
1569607.94,1569607.94,0.0,0.0,0.0
849540.85,849540.85,0.0,0.0,0.0
807082.19,807082.19,0.0,0.0,0.0
811365.42,811365.42,0.0,0.0,0.0
861894.77,861894.77,0.0,0.0,0.0
1372500.63,1372500.63,0.0,0.0,0.0
796351.35,796351.35,0.0,0.0,0.0
2114989.0,2114989.0,0.0,0.0,0.0
1829521.83,1829521.83,0.0,0.0,0.0
625196.14,625196.14,0.0,0.0,0.0
402985.7,402985.7,0.0,0.0,0.0
844928.17,844928.17,0.0,0.0,0.0
1976082.13,1976082.13,0.0,0.0,0.0
2045061.22,2045061.22,0.0,0.0,0.0
1805999.79,1805999.79,0.0,0.0,0.0
2220600.76,2220600.76,0.0,0.0,0.0
966054.97,966054.97,0.0,0.0,0.0
1211026.13,1211026.13,0.0,0.0,0.0
475201.64,475201.64,0.0,0.0,0.0
1869087.85,1869087.85,0.0,0.0,0.0
1007574.67,1007574.67,0.0,0.0,0.0
1088943.98,1088943.98,0.0,0.0,0.0
1300593.61,1300593.61,0.0,0.0,0.0
525866.36,525866.36,0.0,0.0,0.0
1463501.99,1463501.99,0.0,0.0,0.0
843361.1,843361.1,0.0,0.0,0.0
1954849.68,1954849.68,0.0,0.0,0.0
332811.55,332811.55,0.0,0.0,0.0
665687.92,665687.92,0.0,0.0,0.0
1514435.51,1514435.51,0.0,0.0,0.0
1124660.77,1124660.77,0.0,0.0,0.0
1163803.3,1163803.3,0.0,0.0,0.0
809321.44,809321.44,0.0,0.0,0.0
325262.46,325262.46,0.0,0.0,0.0
1115240.61,1115240.61,0.0,0.0,0.0
613899.15,613899.15,0.0,0.0,0.0
786561.61,786561.61,0.0,0.0,0.0
1817934.76,1817934.76,0.0,0.0,0.0
817741.17,817741.17,0.0,0.0,0.0
519042.49,519042.49,0.0,0.0,0.0
720242.19,720242.19,0.0,0.0,0.0
296765.59,296765.59,0.0,0.0,0.0
2204556.7,2204556.7,0.0,0.0,0.0
1087616.19,1087616.19,0.0,0.0,0.0
1377485.12,1377485.12,0.0,0.0,0.0
699852.68,699852.68,0.0,0.0,0.0
772859.25,772859.25,0.0,0.0,0.0
738792.11,738792.11,0.0,0.0,0.0
513015.35,513015.35,0.0,0.0,0.0
799369.15,799369.15,0.0,0.0,0.0
2049485.49,2049485.49,0.0,0.0,0.0
1852443.78,1852443.78,0.0,0.0,0.0
1208191.61,1208191.61,0.0,0.0,0.0
1684519.99,1684519.99,0.0,0.0,0.0
1063149.78,1063149.78,0.0,0.0,0.0
1876359.39,1876359.39,0.0,0.0,0.0
415513.97,415513.97,0.0,0.0,0.0
1004516.46,1004516.46,0.0,0.0,0.0
717373.43,717373.43,0.0,0.0,0.0
1028635.39,1028635.39,0.0,0.0,0.0
1376520.1,1376520.1,0.0,0.0,0.0
882132.28,882132.28,0.0,0.0,0.0
1347607.74,1347607.74,0.0,0.0,0.0
299757.75,299757.75,0.0,0.0,0.0
1006597.69,1006597.69,0.0,0.0,0.0
1985784.59,1985784.59,0.0,0.0,0.0
645618.59,645618.59,0.0,0.0,0.0
367181.71,367181.71,0.0,0.0,0.0
1641957.44,1641957.44,0.0,0.0,0.0
1956739.17,1956739.17,0.0,0.0,0.0
1704785.74,1704785.74,0.0,0.0,0.0
591907.88,591907.88,0.0,0.0,0.0
982322.24,982322.24,0.0,0.0,0.0
1785187.29,1785187.29,0.0,0.0,0.0
1335233.74,1335233.74,0.0,0.0,0.0
1416301.17,1416301.17,0.0,0.0,0.0
535153.47,535153.47,0.0,0.0,0.0
761880.36,761880.36,0.0,0.0,0.0
1254107.84,1254107.84,0.0,0.0,0.0
1175003.67,1175003.67,0.0,0.0,0.0
1588142.26,1588142.26,0.0,0.0,0.0
1231688.48,1231688.48,0.0,0.0,0.0
1015051.62,1015051.62,0.0,0.0,0.0
1478537.93,1478537.93,0.0,0.0,0.0
1378730.45,1378730.45,0.0,0.0,0.0
1630989.95,1630989.95,0.0,0.0,0.0
861941.25,861941.25,0.0,0.0,0.0
880415.67,880415.67,0.0,0.0,0.0
2678206.42,2678206.42,0.0,0.0,0.0
551553.99,551553.99,0.0,0.0,0.0
910899.05,910899.05,0.0,0.0,0.0
1435379.25,1435379.25,0.0,0.0,0.0
448998.73,448998.73,0.0,0.0,0.0
974697.6,974697.6,0.0,0.0,0.0
891152.33,891152.33,0.0,0.0,0.0
1447614.08,1447614.08,0.0,0.0,0.0
304984.14,304984.14,0.0,0.0,0.0
718232.26,718232.26,0.0,0.0,0.0
1287899.41,1287899.41,0.0,0.0,0.0
408891.49,408891.49,0.0,0.0,0.0
747888.25,747888.25,0.0,0.0,0.0
1346994.53,1346994.53,0.0,0.0,0.0
649159.68,649159.68,0.0,0.0,0.0
532739.77,532739.77,0.0,0.0,0.0
1161615.51,1161615.51,0.0,0.0,0.0
927266.34,927266.34,0.0,0.0,0.0
1052120.43,1052120.43,0.0,0.0,0.0
1601584.57,1601584.57,0.0,0.0,0.0
278067.73,278067.73,0.0,0.0,0.0
472450.81,472450.81,0.0,0.0,0.0
519255.68,519255.68,0.0,0.0,0.0
1230514.58,1230514.58,0.0,0.0,0.0
1959526.96,1959526.96,0.0,0.0,0.0
1199309.59,1199309.59,0.0,0.0,0.0
469752.56,469752.56,0.0,0.0,0.0
1363167.95,1363167.95,0.0,0.0,0.0
354361.08,354361.08,0.0,0.0,0.0
2000626.14,2000626.14,0.0,0.0,0.0
755084.4,755084.4,0.0,0.0,0.0
570162.28,570162.28,0.0,0.0,0.0
1470308.32,1470308.32,0.0,0.0,0.0
591335.5,591335.5,0.0,0.0,0.0
1567138.07,1567138.07,0.0,0.0,0.0
509633.71,509633.71,0.0,0.0,0.0
253205.89,253205.89,0.0,0.0,0.0
2080529.06,2080529.06,0.0,0.0,0.0
1179420.5,1179420.5,0.0,0.0,0.0
1799737.79,1799737.79,0.0,0.0,0.0
1440687.69,1440687.69,0.0,0.0,0.0
1882393.4,1882393.4,0.0,0.0,0.0
1312877.01,1312877.01,0.0,0.0,0.0
1959707.9,1959707.9,0.0,0.0,0.0
960312.75,960312.75,0.0,0.0,0.0
809833.21,809833.21,0.0,0.0,0.0
462888.13,462888.13,0.0,0.0,0.0
807535.52,807535.52,0.0,0.0,0.0
1000285.1,1000285.1,0.0,0.0,0.0
504963.84,504963.84,0.0,0.0,0.0
2065984.95,2065984.95,0.0,0.0,0.0
1899013.34,1899013.34,0.0,0.0,0.0
294659.5,294659.5,0.0,0.0,0.0
1458059.42,1458059.42,0.0,0.0,0.0
335691.85,335691.85,0.0,0.0,0.0
661644.19,661644.19,0.0,0.0,0.0
597406.39,597406.39,0.0,0.0,0.0
1350673.98,1350673.98,0.0,0.0,0.0
1283482.85,1283482.85,0.0,0.0,0.0
729759.97,729759.97,0.0,0.0,0.0
937232.09,937232.09,0.0,0.0,0.0
1543532.83,1543532.83,0.0,0.0,0.0
428953.6,428953.6,0.0,0.0,0.0
2027507.15,2027507.15,0.0,0.0,0.0
287205.38,287205.38,0.0,0.0,0.0
1165870.54,1165870.54,0.0,0.0,0.0
851919.34,851919.34,0.0,0.0,0.0
543706.04,543706.04,0.0,0.0,0.0
290909.69,290909.69,0.0,0.0,0.0
1744544.39,1744544.39,0.0,0.0,0.0
988950.75,988950.75,0.0,0.0,0.0
527058.59,527058.59,0.0,0.0,0.0
1748010.29,1748010.29,0.0,0.0,0.0
669205.73,669205.73,0.0,0.0,0.0
1427881.22,1427881.22,0.0,0.0,0.0
1415473.91,1415473.91,0.0,0.0,0.0
509942.56,509942.56,0.0,0.0,0.0
577698.37,577698.37,0.0,0.0,0.0
944337.32,944337.32,0.0,0.0,0.0
1263836.59,1263836.59,0.0,0.0,0.0
1298775.8,1298775.8,0.0,0.0,0.0
615121.78,615121.78,0.0,0.0,0.0
955641.74,955641.74,0.0,0.0,0.0
1047444.59,1047444.59,0.0,0.0,0.0
1532316.79,1532316.79,0.0,0.0,0.0
520887.23,520887.23,0.0,0.0,0.0
1953544.76,1953544.76,0.0,0.0,0.0
2811634.04,2811634.04,0.0,0.0,0.0
1979009.46,1979009.46,0.0,0.0,0.0
355307.94,355307.94,0.0,0.0,0.0
507168.8,507168.8,0.0,0.0,0.0
299800.67,299800.67,0.0,0.0,0.0
1342273.64,1342273.64,0.0,0.0,0.0
513181.31,513181.31,0.0,0.0,0.0
1557120.44,1557120.44,0.0,0.0,0.0
765648.93,765648.93,0.0,0.0,0.0
446863.31,446863.31,0.0,0.0,0.0
1648829.18,1648829.18,0.0,0.0,0.0
2351143.07,2351143.07,0.0,0.0,0.0
927084.65,927084.65,0.0,0.0,0.0
2047949.98,2047949.98,0.0,0.0,0.0
1180183.39,1180183.39,0.0,0.0,0.0
965512.36,965512.36,0.0,0.0,0.0
653043.44,653043.44,0.0,0.0,0.0
895763.41,895763.41,0.0,0.0,0.0
744836.56,744836.56,0.0,0.0,0.0
1031451.35,1031451.35,0.0,0.0,0.0
579539.95,579539.95,0.0,0.0,0.0
1261109.01,1261109.01,0.0,0.0,0.0
428958.53,428958.53,0.0,0.0,0.0
295811.25,295811.25,0.0,0.0,0.0
336479.49,336479.49,0.0,0.0,0.0
770228.02,770228.02,0.0,0.0,0.0
812190.76,812190.76,0.0,0.0,0.0
1179125.48,1179125.48,0.0,0.0,0.0
988467.61,988467.61,0.0,0.0,0.0
2508955.24,2508955.24,0.0,0.0,0.0
709337.11,709337.11,0.0,0.0,0.0
1310701.8,1310701.8,0.0,0.0,0.0
316948.39,316948.39,0.0,0.0,0.0
753060.78,753060.78,0.0,0.0,0.0
537276.41,537276.41,0.0,0.0,0.0
480203.43,480203.43,0.0,0.0,0.0
1297028.6,1297028.6,0.0,0.0,0.0
682124.34,682124.34,0.0,0.0,0.0
1306644.25,1306644.25,0.0,0.0,0.0
653382.62,653382.62,0.0,0.0,0.0
992621.93,992621.93,0.0,0.0,0.0
1225336.41,1225336.41,0.0,0.0,0.0
463977.54,463977.54,0.0,0.0,0.0
310013.11,310013.11,0.0,0.0,0.0
1253218.7,1253218.7,0.0,0.0,0.0
1611196.61,1611196.61,0.0,0.0,0.0
593875.46,593875.46,0.0,0.0,0.0
1993367.83,1993367.83,0.0,0.0,0.0
674055.81,674055.81,0.0,0.0,0.0
416913.1,416913.1,0.0,0.0,0.0
969594.47,969594.47,0.0,0.0,0.0
1412721.18,1412721.18,0.0,0.0,0.0
919878.34,919878.34,0.0,0.0,0.0
1311965.09,1311965.09,0.0,0.0,0.0
2193367.69,2193367.69,0.0,0.0,0.0
511871.63,511871.63,0.0,0.0,0.0
1301185.28,1301185.28,0.0,0.0,0.0
537064.03,537064.03,0.0,0.0,0.0
1379473.03,1379473.03,0.0,0.0,0.0
860336.16,860336.16,0.0,0.0,0.0
1887182.27,1887182.27,0.0,0.0,0.0
1385065.2,1385065.2,0.0,0.0,0.0
329033.66,329033.66,0.0,0.0,0.0
643711.53,643711.53,0.0,0.0,0.0
943047.78,943047.78,0.0,0.0,0.0
475127.18,475127.18,0.0,0.0,0.0
726997.84,726997.84,0.0,0.0,0.0
348655.2,348655.2,0.0,0.0,0.0
2079899.47,2079899.47,0.0,0.0,0.0
578164.82,578164.82,0.0,0.0,0.0
625196.94,625196.94,0.0,0.0,0.0
581758.22,581758.22,0.0,0.0,0.0
994610.99,994610.99,0.0,0.0,0.0
496725.44,496725.44,0.0,0.0,0.0
499081.79,499081.79,0.0,0.0,0.0
921247.88,921247.88,0.0,0.0,0.0
1733983.09,1733983.09,0.0,0.0,0.0
291484.89,291484.89,0.0,0.0,0.0
505543.53,505543.53,0.0,0.0,0.0
777951.22,777951.22,0.0,0.0,0.0
607218.6,607218.6,0.0,0.0,0.0
304144.9,304144.9,0.0,0.0,0.0
552338.76,552338.76,0.0,0.0,0.0
744782.89,744782.89,0.0,0.0,0.0
713250.08,713250.08,0.0,0.0,0.0
663529.64,663529.64,0.0,0.0,0.0
2470206.13,2470206.13,0.0,0.0,0.0
1650285.54,1650285.54,0.0,0.0,0.0
909989.45,909989.45,0.0,0.0,0.0
605413.17,605413.17,0.0,0.0,0.0
1048134.24,1048134.24,0.0,0.0,0.0
422715.74,422715.74,0.0,0.0,0.0
2232892.1,2232892.1,0.0,0.0,0.0
261851.74,261851.74,0.0,0.0,0.0
1311796.91,1311796.91,0.0,0.0,0.0
1591835.02,1591835.02,0.0,0.0,0.0
2306265.36,2306265.36,0.0,0.0,0.0
439276.5,439276.5,0.0,0.0,0.0
1973544.27,1973544.27,0.0,0.0,0.0
576332.05,576332.05,0.0,0.0,0.0
1311263.07,1311263.07,0.0,0.0,0.0
438516.53,438516.53,0.0,0.0,0.0
1532308.62,1532308.62,0.0,0.0,0.0
839911.0,839911.0,0.0,0.0,0.0
267956.3,267956.3,0.0,0.0,0.0
2495489.25,2495489.25,0.0,0.0,0.0
613135.23,613135.23,0.0,0.0,0.0
272489.41,272489.41,0.0,0.0,0.0
1660433.3,1660433.3,0.0,0.0,0.0
1728388.2,1728388.2,0.0,0.0,0.0
445162.05,445162.05,0.0,0.0,0.0
902050.95,902050.95,0.0,0.0,0.0
1483991.05,1483991.05,0.0,0.0,0.0
1494479.49,1494479.49,0.0,0.0,0.0
536871.58,536871.58,0.0,0.0,0.0
1766331.45,1766331.45,0.0,0.0,0.0
1250178.89,1250178.89,0.0,0.0,0.0
282552.58,282552.58,0.0,0.0,0.0
1342254.55,1342254.55,0.0,0.0,0.0
491817.19,491817.19,0.0,0.0,0.0
991514.21,991514.21,0.0,0.0,0.0
445134.15,445134.15,0.0,0.0,0.0
556485.1,556485.1,0.0,0.0,0.0
1629978.46,1629978.46,0.0,0.0,0.0
1111170.91,1111170.91,0.0,0.0,0.0
942319.65,942319.65,0.0,0.0,0.0
597876.55,597876.55,0.0,0.0,0.0
960418.54,960418.54,0.0,0.0,0.0
1501095.49,1501095.49,0.0,0.0,0.0
1410683.94,1410683.94,0.0,0.0,0.0
608294.98,608294.98,0.0,0.0,0.0
816603.05,816603.05,0.0,0.0,0.0
215359.21,215359.21,0.0,0.0,0.0
796277.72,796277.72,0.0,0.0,0.0
1270577.01,1270577.01,0.0,0.0,0.0
397771.68,397771.68,0.0,0.0,0.0
549551.02,549551.02,0.0,0.0,0.0
1805885.04,1805885.04,0.0,0.0,0.0
399191.05,399191.05,0.0,0.0,0.0
1467024.3,1467024.3,0.0,0.0,0.0
2073951.38,2073951.38,0.0,0.0,0.0
976242.09,976242.09,0.0,0.0,0.0
1936878.46,1936878.46,0.0,0.0,0.0
289886.16,289886.16,0.0,0.0,0.0
1466046.67,1466046.67,0.0,0.0,0.0
600448.69,600448.69,0.0,0.0,0.0
737163.2,737163.2,0.0,0.0,0.0
629994.47,629994.47,0.0,0.0,0.0
305969.81,305969.81,0.0,0.0,0.0
1923957.09,1923957.09,0.0,0.0,0.0
533756.88,533756.88,0.0,0.0,0.0
806444.29,806444.29,0.0,0.0,0.0
470281.03,470281.03,0.0,0.0,0.0
718125.53,718125.53,0.0,0.0,0.0
682447.1,682447.1,0.0,0.0,0.0
957155.31,957155.31,0.0,0.0,0.0
564304.15,564304.15,0.0,0.0,0.0
447139.8,447139.8,0.0,0.0,0.0
314014.18,314014.18,0.0,0.0,0.0
927511.99,927511.99,0.0,0.0,0.0
841224.74,841224.74,0.0,0.0,0.0
351541.62,351541.62,0.0,0.0,0.0
258533.12,258533.12,0.0,0.0,0.0
1986380.4,1986380.4,0.0,0.0,0.0
2048613.65,2048613.65,0.0,0.0,0.0
2119213.72,2119213.72,0.0,0.0,0.0
1542173.33,1542173.33,0.0,0.0,0.0
2182246.69,2182246.69,0.0,0.0,0.0
847592.11,847592.11,0.0,0.0,0.0
1316849.36,1316849.36,0.0,0.0,0.0
460020.74,460020.74,0.0,0.0,0.0
472330.71,472330.71,0.0,0.0,0.0
1955624.11,1955624.11,0.0,0.0,0.0
357557.16,357557.16,0.0,0.0,0.0
321205.12,321205.12,0.0,0.0,0.0
262407.57,262407.57,0.0,0.0,0.0
488417.61,488417.61,0.0,0.0,0.0
1261872.67,1261872.67,0.0,0.0,0.0
634637.03,634637.03,0.0,0.0,0.0
2050396.27,2050396.27,0.0,0.0,0.0
565481.88,565481.88,0.0,0.0,0.0
1004730.69,1004730.69,0.0,0.0,0.0
542414.27,542414.27,0.0,0.0,0.0
1302047.48,1302047.48,0.0,0.0,0.0
1907638.58,1907638.58,0.0,0.0,0.0
1092204.79,1092204.79,0.0,0.0,0.0
480452.1,480452.1,0.0,0.0,0.0
877055.32,877055.32,0.0,0.0,0.0
612379.9,612379.9,0.0,0.0,0.0
556015.59,556015.59,0.0,0.0,0.0
479424.2,479424.2,0.0,0.0,0.0
443889.5,443889.5,0.0,0.0,0.0
759442.33,759442.33,0.0,0.0,0.0
1539063.91,1539063.91,0.0,0.0,0.0
939367.14,939367.14,0.0,0.0,0.0
558143.53,558143.53,0.0,0.0,0.0
1291398.71,1291398.71,0.0,0.0,0.0
467827.75,467827.75,0.0,0.0,0.0
380376.85,380376.85,0.0,0.0,0.0
360857.98,360857.98,0.0,0.0,0.0
1557888.16,1557888.16,0.0,0.0,0.0
855546.5,855546.5,0.0,0.0,0.0
2141210.62,2141210.62,0.0,0.0,0.0
1515175.01,1515175.01,0.0,0.0,0.0
954677.75,954677.75,0.0,0.0,0.0
454800.96,454800.96,0.0,0.0,0.0
528807.45,528807.45,0.0,0.0,0.0
1656130.67,1656130.67,0.0,0.0,0.0
544408.14,544408.14,0.0,0.0,0.0
970224.51,970224.51,0.0,0.0,0.0
402709.17,402709.17,0.0,0.0,0.0
487311.03,487311.03,0.0,0.0,0.0
527339.52,527339.52,0.0,0.0,0.0
1283885.55,1283885.55,0.0,0.0,0.0
1394299.0,1394299.0,0.0,0.0,0.0
600050.98,600050.98,0.0,0.0,0.0
1200892.56,1200892.56,0.0,0.0,0.0
650263.95,650263.95,0.0,0.0,0.0
698536.06,698536.06,0.0,0.0,0.0
1016756.1,1016756.1,0.0,0.0,0.0
899449.65,899449.65,0.0,0.0,0.0
841264.04,841264.04,0.0,0.0,0.0
1893532.46,1893532.46,0.0,0.0,0.0
1133657.58,1133657.58,0.0,0.0,0.0
605078.62,605078.62,0.0,0.0,0.0
1222367.9,1222367.9,0.0,0.0,0.0
1316542.59,1316542.59,0.0,0.0,0.0
1744193.58,1744193.58,0.0,0.0,0.0
579166.5,579166.5,0.0,0.0,0.0
1391792.69,1391792.69,0.0,0.0,0.0
618702.09,618702.09,0.0,0.0,0.0
1049357.36,1049357.36,0.0,0.0,0.0
837144.63,837144.63,0.0,0.0,0.0
256091.32,256091.32,0.0,0.0,0.0
722891.24,722891.24,0.0,0.0,0.0
1256282.79,1256282.79,0.0,0.0,0.0
535983.13,535983.13,0.0,0.0,0.0
2021699.38,2021699.38,0.0,0.0,0.0
2504400.71,2504400.71,0.0,0.0,0.0
658984.38,658984.38,0.0,0.0,0.0
943891.64,943891.64,0.0,0.0,0.0
1416720.54,1416720.54,0.0,0.0,0.0
2376022.26,2376022.26,0.0,0.0,0.0
270497.51,270497.51,0.0,0.0,0.0
1751384.9,1751384.9,0.0,0.0,0.0
918170.5,918170.5,0.0,0.0,0.0
1061089.56,1061089.56,0.0,0.0,0.0
933960.3,933960.3,0.0,0.0,0.0
1042226.3,1042226.3,0.0,0.0,0.0
1639585.61,1639585.61,0.0,0.0,0.0
491998.12,491998.12,0.0,0.0,0.0
1254914.87,1254914.87,0.0,0.0,0.0
1549018.68,1549018.68,0.0,0.0,0.0
365672.55,365672.55,0.0,0.0,0.0
972292.31,972292.31,0.0,0.0,0.0
677789.14,677789.14,0.0,0.0,0.0
801302.01,801302.01,0.0,0.0,0.0
1063310.62,1063310.62,0.0,0.0,0.0
1254955.68,1254955.68,0.0,0.0,0.0
291891.01,291891.01,0.0,0.0,0.0
219804.85,219804.85,0.0,0.0,0.0
1255081.22,1255081.22,0.0,0.0,0.0
224806.96,224806.96,0.0,0.0,0.0
679481.9,679481.9,0.0,0.0,0.0
1339972.83,1339972.83,0.0,0.0,0.0
1289156.9,1289156.9,0.0,0.0,0.0
346137.87,346137.87,0.0,0.0,0.0
392654.26,392654.26,0.0,0.0,0.0
2405395.22,2405395.22,0.0,0.0,0.0
471054.16,471054.16,0.0,0.0,0.0
931939.52,931939.52,0.0,0.0,0.0
1066478.1,1066478.1,0.0,0.0,0.0
519354.88,519354.88,0.0,0.0,0.0
292680.16,292680.16,0.0,0.0,0.0
244899.2,244899.2,0.0,0.0,0.0
539081.09,539081.09,0.0,0.0,0.0
1326197.24,1326197.24,0.0,0.0,0.0
384659.85,384659.85,0.0,0.0,0.0
1421111.55,1421111.55,0.0,0.0,0.0
1574361.97,1574361.97,0.0,0.0,0.0
337723.49,337723.49,0.0,0.0,0.0
557312.01,557312.01,0.0,0.0,0.0
1193199.39,1193199.39,0.0,0.0,0.0
2207742.13,2207742.13,0.0,0.0,0.0
865467.86,865467.86,0.0,0.0,0.0
2243946.59,2243946.59,0.0,0.0,0.0
1414343.53,1414343.53,0.0,0.0,0.0
516352.21,516352.21,0.0,0.0,0.0
324195.17,324195.17,0.0,0.0,0.0
1656886.46,1656886.46,0.0,0.0,0.0
598502.83,598502.83,0.0,0.0,0.0
410214.7,410214.7,0.0,0.0,0.0
518628.42,518628.42,0.0,0.0,0.0
636193.24,636193.24,0.0,0.0,0.0
1309476.68,1309476.68,0.0,0.0,0.0
1543667.68,1543667.68,0.0,0.0,0.0
1179315.72,1179315.72,0.0,0.0,0.0
608737.56,608737.56,0.0,0.0,0.0
1781528.77,1781528.77,0.0,0.0,0.0
593138.59,593138.59,0.0,0.0,0.0
368282.57,368282.57,0.0,0.0,0.0
1391479.91,1391479.91,0.0,0.0,0.0
834621.39,834621.39,0.0,0.0,0.0
1292436.23,1292436.23,0.0,0.0,0.0
1417922.37,1417922.37,0.0,0.0,0.0
926573.81,926573.81,0.0,0.0,0.0
589467.35,589467.35,0.0,0.0,0.0
1183979.27,1183979.27,0.0,0.0,0.0
836049.89,836049.89,0.0,0.0,0.0
1595901.87,1595901.87,0.0,0.0,0.0
426666.92,426666.92,0.0,0.0,0.0
1417013.07,1417013.07,0.0,0.0,0.0
1955689.12,1955689.12,0.0,0.0,0.0
1017045.44,1017045.44,0.0,0.0,0.0
647097.65,647097.65,0.0,0.0,0.0
922048.41,922048.41,0.0,0.0,0.0
771315.62,771315.62,0.0,0.0,0.0
1713769.06,1713769.06,0.0,0.0,0.0
333870.52,333870.52,0.0,0.0,0.0
2067232.56,2067232.56,0.0,0.0,0.0
309129.01,309129.01,0.0,0.0,0.0
1495143.62,1495143.62,0.0,0.0,0.0
655318.26,655318.26,0.0,0.0,0.0
1552934.64,1552934.64,0.0,0.0,0.0
607691.36,607691.36,0.0,0.0,0.0
1349202.25,1349202.25,0.0,0.0,0.0
534372.53,534372.53,0.0,0.0,0.0
1219263.4,1219263.4,0.0,0.0,0.0
642671.48,642671.48,0.0,0.0,0.0
492932.51,492932.51,0.0,0.0,0.0
1123446.51,1123446.51,0.0,0.0,0.0
614378.94,614378.94,0.0,0.0,0.0
590984.56,590984.56,0.0,0.0,0.0
1179773.88,1179773.88,0.0,0.0,0.0
407112.22,407112.22,0.0,0.0,0.0
873450.29,873450.29,0.0,0.0,0.0
2358055.3,2358055.3,0.0,0.0,0.0
1151214.41,1151214.41,0.0,0.0,0.0
1886393.94,1886393.94,0.0,0.0,0.0
674562.45,674562.45,0.0,0.0,0.0
1374891.36,1374891.36,0.0,0.0,0.0
1468928.37,1468928.37,0.0,0.0,0.0
1812768.26,1812768.26,0.0,0.0,0.0
1419383.19,1419383.19,0.0,0.0,0.0
1135035.09,1135035.09,0.0,0.0,0.0
2007105.86,2007105.86,0.0,0.0,0.0
1969121.45,1969121.45,0.0,0.0,0.0
1192031.38,1192031.38,0.0,0.0,0.0
1524734.29,1524734.29,0.0,0.0,0.0
1929736.35,1929736.35,0.0,0.0,0.0
973004.91,973004.91,0.0,0.0,0.0
889670.29,889670.29,0.0,0.0,0.0
1368090.08,1368090.08,0.0,0.0,0.0
1401232.52,1401232.52,0.0,0.0,0.0
1505442.15,1505442.15,0.0,0.0,0.0
542529.21,542529.21,0.0,0.0,0.0
1051740.29,1051740.29,0.0,0.0,0.0
291454.52,291454.52,0.0,0.0,0.0
1378340.18,1378340.18,0.0,0.0,0.0
506897.98,506897.98,0.0,0.0,0.0
938149.21,938149.21,0.0,0.0,0.0
393401.4,393401.4,0.0,0.0,0.0
2271614.76,2271614.76,0.0,0.0,0.0
1005448.76,1005448.76,0.0,0.0,0.0
1379783.21,1379783.21,0.0,0.0,0.0
407204.86,407204.86,0.0,0.0,0.0
1344354.41,1344354.41,0.0,0.0,0.0
493078.64,493078.64,0.0,0.0,0.0
1010562.49,1010562.49,0.0,0.0,0.0
802003.61,802003.61,0.0,0.0,0.0
1167740.2,1167740.2,0.0,0.0,0.0
378539.17,378539.17,0.0,0.0,0.0
1216059.41,1216059.41,0.0,0.0,0.0
2203028.96,2203028.96,0.0,0.0,0.0
1352547.7,1352547.7,0.0,0.0,0.0
486930.72,486930.72,0.0,0.0,0.0
1107552.43,1107552.43,0.0,0.0,0.0
570069.48,570069.48,0.0,0.0,0.0
852882.61,852882.61,0.0,0.0,0.0
253050.1,253050.1,0.0,0.0,0.0
1315023.08,1315023.08,0.0,0.0,0.0
1518790.89,1518790.89,0.0,0.0,0.0
618377.79,618377.79,0.0,0.0,0.0
873954.7,873954.7,0.0,0.0,0.0
505221.17,505221.17,0.0,0.0,0.0
922328.02,922328.02,0.0,0.0,0.0
2007050.75,2007050.75,0.0,0.0,0.0
1860923.55,1860923.55,0.0,0.0,0.0
1157975.68,1157975.68,0.0,0.0,0.0
1385860.38,1385860.38,0.0,0.0,0.0
1160619.61,1160619.61,0.0,0.0,0.0
1948982.7,1948982.7,0.0,0.0,0.0
894280.19,894280.19,0.0,0.0,0.0
1513229.16,1513229.16,0.0,0.0,0.0
958374.56,958374.56,0.0,0.0,0.0
610185.32,610185.32,0.0,0.0,0.0
247672.56,247672.56,0.0,0.0,0.0
441434.2,441434.2,0.0,0.0,0.0
1898321.33,1898321.33,0.0,0.0,0.0
893995.44,893995.44,0.0,0.0,0.0
1628868.28,1628868.28,0.0,0.0,0.0
384075.31,384075.31,0.0,0.0,0.0
1223777.48,1223777.48,0.0,0.0,0.0
2031406.41,2031406.41,0.0,0.0,0.0
1312849.1,1312849.1,0.0,0.0,0.0
1168397.26,1168397.26,0.0,0.0,0.0
1129031.98,1129031.98,0.0,0.0,0.0
819911.89,819911.89,0.0,0.0,0.0
943717.38,943717.38,0.0,0.0,0.0
1508237.76,1508237.76,0.0,0.0,0.0
588017.66,588017.66,0.0,0.0,0.0
1596325.01,1596325.01,0.0,0.0,0.0
1005983.31,1005983.31,0.0,0.0,0.0
1436883.99,1436883.99,0.0,0.0,0.0
516909.24,516909.24,0.0,0.0,0.0
2060588.69,2060588.69,0.0,0.0,0.0
848873.28,848873.28,0.0,0.0,0.0
2107285.85,2107285.85,0.0,0.0,0.0
1514999.17,1514999.17,0.0,0.0,0.0
610940.94,610940.94,0.0,0.0,0.0
800819.79,800819.79,0.0,0.0,0.0
706206.86,706206.86,0.0,0.0,0.0
1807545.43,1807545.43,0.0,0.0,0.0
2811646.85,2811646.85,0.0,0.0,0.0
366473.97,366473.97,0.0,0.0,0.0
838751.5,838751.5,0.0,0.0,0.0
422169.47,422169.47,0.0,0.0,0.0
2182437.9,2182437.9,0.0,0.0,0.0
344225.99,344225.99,0.0,0.0,0.0
765270.02,765270.02,0.0,0.0,0.0
1492418.14,1492418.14,0.0,0.0,0.0
1170672.94,1170672.94,0.0,0.0,0.0
2137202.38,2137202.38,0.0,0.0,0.0
1762539.3,1762539.3,0.0,0.0,0.0
1710803.59,1710803.59,0.0,0.0,0.0
308950.04,308950.04,0.0,0.0,0.0
279643.43,279643.43,0.0,0.0,0.0
470365.59,470365.59,0.0,0.0,0.0
635758.03,635758.03,0.0,0.0,0.0
446751.45,446751.45,0.0,0.0,0.0
2298776.83,2298776.83,0.0,0.0,0.0
1394841.03,1394841.03,0.0,0.0,0.0
1178841.05,1178841.05,0.0,0.0,0.0
432268.53,432268.53,0.0,0.0,0.0
1843971.15,1843971.15,0.0,0.0,0.0
937420.65,937420.65,0.0,0.0,0.0
1939440.09,1939440.09,0.0,0.0,0.0
993436.67,993436.67,0.0,0.0,0.0
368962.72,368962.72,0.0,0.0,0.0
366977.79,366977.79,0.0,0.0,0.0
2246411.89,2246411.89,0.0,0.0,0.0
924299.78,924299.78,0.0,0.0,0.0
658468.27,658468.27,0.0,0.0,0.0
1497054.81,1497054.81,0.0,0.0,0.0
1853657.6,1853657.6,0.0,0.0,0.0
2555031.18,2555031.18,0.0,0.0,0.0
465993.51,465993.51,0.0,0.0,0.0
1286833.62,1286833.62,0.0,0.0,0.0
698529.64,698529.64,0.0,0.0,0.0
1333347.78,1333347.78,0.0,0.0,0.0
877996.27,877996.27,0.0,0.0,0.0
434252.15,434252.15,0.0,0.0,0.0
1067754.06,1067754.06,0.0,0.0,0.0
312177.67,312177.67,0.0,0.0,0.0
485095.41,485095.41,0.0,0.0,0.0
964169.67,964169.67,0.0,0.0,0.0
1352039.88,1352039.88,0.0,0.0,0.0
1412157.02,1412157.02,0.0,0.0,0.0
1848403.92,1848403.92,0.0,0.0,0.0
444160.07,444160.07,0.0,0.0,0.0
1947083.3,1947083.3,0.0,0.0,0.0
2119163.01,2119163.01,0.0,0.0,0.0
525616.9,525616.9,0.0,0.0,0.0
635014.69,635014.69,0.0,0.0,0.0
441265.08,441265.08,0.0,0.0,0.0
590739.62,590739.62,0.0,0.0,0.0
1904438.59,1904438.59,0.0,0.0,0.0
255996.47,255996.47,0.0,0.0,0.0
1189556.47,1189556.47,0.0,0.0,0.0
1451740.57,1451740.57,0.0,0.0,0.0
2644633.02,2644633.02,0.0,0.0,0.0
1696619.52,1696619.52,0.0,0.0,0.0
474389.75,474389.75,0.0,0.0,0.0
1483574.38,1483574.38,0.0,0.0,0.0
2180999.26,2180999.26,0.0,0.0,0.0
521002.97,521002.97,0.0,0.0,0.0
1273670.32,1273670.32,0.0,0.0,0.0
307646.5,307646.5,0.0,0.0,0.0
581010.52,581010.52,0.0,0.0,0.0
1056282.91,1056282.91,0.0,0.0,0.0
380279.44,380279.44,0.0,0.0,0.0
454021.69,454021.69,0.0,0.0,0.0
507584.29,507584.29,0.0,0.0,0.0
875976.83,875976.83,0.0,0.0,0.0
1929659.07,1929659.07,0.0,0.0,0.0
495720.3,495720.3,0.0,0.0,0.0
271961.04,271961.04,0.0,0.0,0.0
1932162.63,1932162.63,0.0,0.0,0.0
954681.56,954681.56,0.0,0.0,0.0
649878.29,649878.29,0.0,0.0,0.0
1761016.51,1761016.51,0.0,0.0,0.0
313358.15,313358.15,0.0,0.0,0.0
334441.15,334441.15,0.0,0.0,0.0
284496.14,284496.14,0.0,0.0,0.0
882636.96,882636.96,0.0,0.0,0.0
1041202.13,1041202.13,0.0,0.0,0.0
526641.23,526641.23,0.0,0.0,0.0
1152117.5,1152117.5,0.0,0.0,0.0
1196105.44,1196105.44,0.0,0.0,0.0
961186.23,961186.23,0.0,0.0,0.0
1300375.76,1300375.76,0.0,0.0,0.0
930506.14,930506.14,0.0,0.0,0.0
1117097.23,1117097.23,0.0,0.0,0.0
1276031.84,1276031.84,0.0,0.0,0.0
1243200.24,1243200.24,0.0,0.0,0.0
1570813.52,1570813.52,0.0,0.0,0.0
534847.96,534847.96,0.0,0.0,0.0
1360317.9,1360317.9,0.0,0.0,0.0
1790925.8,1790925.8,0.0,0.0,0.0
439424.5,439424.5,0.0,0.0,0.0
1481739.2,1481739.2,0.0,0.0,0.0
553901.97,553901.97,0.0,0.0,0.0
2116475.38,2116475.38,0.0,0.0,0.0
1898777.07,1898777.07,0.0,0.0,0.0
1396612.36,1396612.36,0.0,0.0,0.0
560764.41,560764.41,0.0,0.0,0.0
327237.92,327237.92,0.0,0.0,0.0
565812.29,565812.29,0.0,0.0,0.0
2600519.26,2600519.26,0.0,0.0,0.0
1967996.71,1967996.71,0.0,0.0,0.0
1056992.18,1056992.18,0.0,0.0,0.0
1932491.42,1932491.42,0.0,0.0,0.0
582552.26,582552.26,0.0,0.0,0.0
2193048.75,2193048.75,0.0,0.0,0.0
1648863.46,1648863.46,0.0,0.0,0.0
2182563.66,2182563.66,0.0,0.0,0.0
639830.45,639830.45,0.0,0.0,0.0
1866243.0,1866243.0,0.0,0.0,0.0
991941.73,991941.73,0.0,0.0,0.0
333594.81,333594.81,0.0,0.0,0.0
455751.84,455751.84,0.0,0.0,0.0
518940.88,518940.88,0.0,0.0,0.0
1540687.63,1540687.63,0.0,0.0,0.0
446905.02,446905.02,0.0,0.0,0.0
639160.24,639160.24,0.0,0.0,0.0
986922.62,986922.62,0.0,0.0,0.0
307944.37,307944.37,0.0,0.0,0.0
1158722.74,1158722.74,0.0,0.0,0.0
794698.77,794698.77,0.0,0.0,0.0
1120508.14,1120508.14,0.0,0.0,0.0
737569.14,737569.14,0.0,0.0,0.0
1037687.07,1037687.07,0.0,0.0,0.0
1317672.92,1317672.92,0.0,0.0,0.0
1466164.49,1466164.49,0.0,0.0,0.0
1168815.31,1168815.31,0.0,0.0,0.0
910110.24,910110.24,0.0,0.0,0.0
1693058.91,1693058.91,0.0,0.0,0.0
313795.6,313795.6,0.0,0.0,0.0
732056.37,732056.37,0.0,0.0,0.0
1319773.55,1319773.55,0.0,0.0,0.0
1944433.17,1944433.17,0.0,0.0,0.0
526128.61,526128.61,0.0,0.0,0.0
2078094.69,2078094.69,0.0,0.0,0.0
643032.51,643032.51,0.0,0.0,0.0
364076.85,364076.85,0.0,0.0,0.0
341503.92,341503.92,0.0,0.0,0.0
504601.29,504601.29,0.0,0.0,0.0
982661.14,982661.14,0.0,0.0,0.0
1623716.46,1623716.46,0.0,0.0,0.0
1046782.52,1046782.52,0.0,0.0,0.0
598437.98,598437.98,0.0,0.0,0.0
885613.91,885613.91,0.0,0.0,0.0
516424.83,516424.83,0.0,0.0,0.0
528420.28,528420.28,0.0,0.0,0.0
981567.22,981567.22,0.0,0.0,0.0
1677067.24,1677067.24,0.0,0.0,0.0
2219813.5,2219813.5,0.0,0.0,0.0
1300131.68,1300131.68,0.0,0.0,0.0
1945070.33,1945070.33,0.0,0.0,0.0
515119.64,515119.64,0.0,0.0,0.0
809272.65,809272.65,0.0,0.0,0.0
508174.55,508174.55,0.0,0.0,0.0
2133026.07,2133026.07,0.0,0.0,0.0
2267452.4,2267452.4,0.0,0.0,0.0
1384921.63,1384921.63,0.0,0.0,0.0
651768.91,651768.91,0.0,0.0,0.0
1710372.4,1710372.4,0.0,0.0,0.0
908853.15,908853.15,0.0,0.0,0.0
1659221.99,1659221.99,0.0,0.0,0.0
628516.57,628516.57,0.0,0.0,0.0
1471261.76,1471261.76,0.0,0.0,0.0
887426.12,887426.12,0.0,0.0,0.0
1380836.35,1380836.35,0.0,0.0,0.0
1574408.67,1574408.67,0.0,0.0,0.0
2016323.51,2016323.51,0.0,0.0,0.0
1364721.58,1364721.58,0.0,0.0,0.0
888816.78,888816.78,0.0,0.0,0.0
753711.32,753711.32,0.0,0.0,0.0
547513.3,547513.3,0.0,0.0,0.0
1184198.41,1184198.41,0.0,0.0,0.0
2104241.9,2104241.9,0.0,0.0,0.0
990926.38,990926.38,0.0,0.0,0.0
605791.46,605791.46,0.0,0.0,0.0
921178.39,921178.39,0.0,0.0,0.0
1417616.81,1417616.81,0.0,0.0,0.0
1344167.13,1344167.13,0.0,0.0,0.0
619224.06,619224.06,0.0,0.0,0.0
461622.22,461622.22,0.0,0.0,0.0
1338299.02,1338299.02,0.0,0.0,0.0
384357.94,384357.94,0.0,0.0,0.0
643041.71,643041.71,0.0,0.0,0.0
298180.18,298180.18,0.0,0.0,0.0
648606.13,648606.13,0.0,0.0,0.0
901709.82,901709.82,0.0,0.0,0.0
540625.79,540625.79,0.0,0.0,0.0
897037.25,897037.25,0.0,0.0,0.0
782563.38,782563.38,0.0,0.0,0.0
1434036.18,1434036.18,0.0,0.0,0.0
1730913.66,1730913.66,0.0,0.0,0.0
354078.95,354078.95,0.0,0.0,0.0
2256461.39,2256461.39,0.0,0.0,0.0
426959.62,426959.62,0.0,0.0,0.0
1078455.48,1078455.48,0.0,0.0,0.0
1871924.07,1871924.07,0.0,0.0,0.0
991779.2,991779.2,0.0,0.0,0.0
598234.64,598234.64,0.0,0.0,0.0
797523.04,797523.04,0.0,0.0,0.0
764155.44,764155.44,0.0,0.0,0.0
659446.55,659446.55,0.0,0.0,0.0
1186971.02,1186971.02,0.0,0.0,0.0
1047178.91,1047178.91,0.0,0.0,0.0
407506.78,407506.78,0.0,0.0,0.0
528940.78,528940.78,0.0,0.0,0.0
339490.69,339490.69,0.0,0.0,0.0
1110244.52,1110244.52,0.0,0.0,0.0
628063.88,628063.88,0.0,0.0,0.0
1735339.59,1735339.59,0.0,0.0,0.0
1573072.81,1573072.81,0.0,0.0,0.0
506705.36,506705.36,0.0,0.0,0.0
1373841.91,1373841.91,0.0,0.0,0.0
1098286.61,1098286.61,0.0,0.0,0.0
1257972.37,1257972.37,0.0,0.0,0.0
1468871.49,1468871.49,0.0,0.0,0.0
1187880.7,1187880.7,0.0,0.0,0.0
437631.44,437631.44,0.0,0.0,0.0
978027.95,978027.95,0.0,0.0,0.0
1522512.2,1522512.2,0.0,0.0,0.0
646915.47,646915.47,0.0,0.0,0.0
1328740.71,1328740.71,0.0,0.0,0.0
330338.36,330338.36,0.0,0.0,0.0
1075687.74,1075687.74,0.0,0.0,0.0
336227.69,336227.69,0.0,0.0,0.0
1315091.63,1315091.63,0.0,0.0,0.0
417521.7,417521.7,0.0,0.0,0.0
652329.53,652329.53,0.0,0.0,0.0
1603793.42,1603793.42,0.0,0.0,0.0
505069.21,505069.21,0.0,0.0,0.0
772539.12,772539.12,0.0,0.0,0.0
704344.21,704344.21,0.0,0.0,0.0
671482.9,671482.9,0.0,0.0,0.0
1727175.61,1727175.61,0.0,0.0,0.0
946614.55,946614.55,0.0,0.0,0.0
289201.21,289201.21,0.0,0.0,0.0
279677.0,279677.0,0.0,0.0,0.0
1685910.53,1685910.53,0.0,0.0,0.0
1271311.76,1271311.76,0.0,0.0,0.0
1609811.75,1609811.75,0.0,0.0,0.0
280048.74,280048.74,0.0,0.0,0.0
2014665.98,2014665.98,0.0,0.0,0.0
492721.85,492721.85,0.0,0.0,0.0
1880436.94,1880436.94,0.0,0.0,0.0
1643690.9,1643690.9,0.0,0.0,0.0
907493.24,907493.24,0.0,0.0,0.0
939158.25,939158.25,0.0,0.0,0.0
1232784.22,1232784.22,0.0,0.0,0.0
954148.64,954148.64,0.0,0.0,0.0
2009163.08,2009163.08,0.0,0.0,0.0
1300104.03,1300104.03,0.0,0.0,0.0
306005.53,306005.53,0.0,0.0,0.0
2041507.4,2041507.4,0.0,0.0,0.0
1881788.19,1881788.19,0.0,0.0,0.0
2149594.46,2149594.46,0.0,0.0,0.0
1016019.47,1016019.47,0.0,0.0,0.0
1366053.69,1366053.69,0.0,0.0,0.0
504856.97,504856.97,0.0,0.0,0.0
1743188.87,1743188.87,0.0,0.0,0.0
582353.17,582353.17,0.0,0.0,0.0
1517029.9,1517029.9,0.0,0.0,0.0
973105.3,973105.3,0.0,0.0,0.0
525559.17,525559.17,0.0,0.0,0.0
471713.59,471713.59,0.0,0.0,0.0
755214.26,755214.26,0.0,0.0,0.0
1179738.5,1179738.5,0.0,0.0,0.0
648330.18,648330.18,0.0,0.0,0.0
1411835.57,1411835.57,0.0,0.0,0.0
1219979.29,1219979.29,0.0,0.0,0.0
606671.5,606671.5,0.0,0.0,0.0
527495.09,527495.09,0.0,0.0,0.0
812323.29,812323.29,0.0,0.0,0.0
1204807.83,1204807.83,0.0,0.0,0.0
1542131.05,1542131.05,0.0,0.0,0.0
1848953.48,1848953.48,0.0,0.0,0.0
1283766.55,1283766.55,0.0,0.0,0.0
1341240.62,1341240.62,0.0,0.0,0.0
1022571.25,1022571.25,0.0,0.0,0.0
640210.85,640210.85,0.0,0.0,0.0
519823.3,519823.3,0.0,0.0,0.0
958619.8,958619.8,0.0,0.0,0.0
857939.41,857939.41,0.0,0.0,0.0
439132.62,439132.62,0.0,0.0,0.0
2097809.4,2097809.4,0.0,0.0,0.0
1821990.93,1821990.93,0.0,0.0,0.0
378241.34,378241.34,0.0,0.0,0.0
941311.83,941311.83,0.0,0.0,0.0
395195.65,395195.65,0.0,0.0,0.0
341400.72,341400.72,0.0,0.0,0.0
623092.54,623092.54,0.0,0.0,0.0
511330.32,511330.32,0.0,0.0,0.0
2035244.54,2035244.54,0.0,0.0,0.0
1187988.64,1187988.64,0.0,0.0,0.0
813211.46,813211.46,0.0,0.0,0.0
633240.53,633240.53,0.0,0.0,0.0
1459276.77,1459276.77,0.0,0.0,0.0
1191585.92,1191585.92,0.0,0.0,0.0
643854.17,643854.17,0.0,0.0,0.0
309111.47,309111.47,0.0,0.0,0.0
1249786.4,1249786.4,0.0,0.0,0.0
609736.12,609736.12,0.0,0.0,0.0
1949236.09,1949236.09,0.0,0.0,0.0
1728399.07,1728399.07,0.0,0.0,0.0
841778.34,841778.34,0.0,0.0,0.0
961084.08,961084.08,0.0,0.0,0.0
439913.57,439913.57,0.0,0.0,0.0
919839.19,919839.19,0.0,0.0,0.0
675282.2,675282.2,0.0,0.0,0.0
519914.1,519914.1,0.0,0.0,0.0
806979.15,806979.15,0.0,0.0,0.0
857883.46,857883.46,0.0,0.0,0.0
313270.45,313270.45,0.0,0.0,0.0
431754.01,431754.01,0.0,0.0,0.0
367438.62,367438.62,0.0,0.0,0.0
427855.24,427855.24,0.0,0.0,0.0
1555444.55,1555444.55,0.0,0.0,0.0
370897.82,370897.82,0.0,0.0,0.0
286197.5,286197.5,0.0,0.0,0.0
1441884.28,1441884.28,0.0,0.0,0.0
1582083.4,1582083.4,0.0,0.0,0.0
459770.85,459770.85,0.0,0.0,0.0
910298.44,910298.44,0.0,0.0,0.0
424614.59,424614.59,0.0,0.0,0.0
1499496.67,1499496.67,0.0,0.0,0.0
495022.51,495022.51,0.0,0.0,0.0
428554.63,428554.63,0.0,0.0,0.0
2073855.42,2073855.42,0.0,0.0,0.0
1185674.48,1185674.48,0.0,0.0,0.0
535764.58,535764.58,0.0,0.0,0.0
2049860.26,2049860.26,0.0,0.0,0.0
469773.85,469773.85,0.0,0.0,0.0
1462941.03,1462941.03,0.0,0.0,0.0
326316.73,326316.73,0.0,0.0,0.0
749817.08,749817.08,0.0,0.0,0.0
434593.26,434593.26,0.0,0.0,0.0
280357.3,280357.3,0.0,0.0,0.0
2078417.47,2078417.47,0.0,0.0,0.0
1016039.71,1016039.71,0.0,0.0,0.0
488683.57,488683.57,0.0,0.0,0.0
474030.51,474030.51,0.0,0.0,0.0
866184.92,866184.92,0.0,0.0,0.0
522296.71,522296.71,0.0,0.0,0.0
659795.84,659795.84,0.0,0.0,0.0
605956.59,605956.59,0.0,0.0,0.0
1627707.31,1627707.31,0.0,0.0,0.0
1222511.29,1222511.29,0.0,0.0,0.0
1563387.94,1563387.94,0.0,0.0,0.0
576879.15,576879.15,0.0,0.0,0.0
569005.06,569005.06,0.0,0.0,0.0
1381796.8,1381796.8,0.0,0.0,0.0
1925113.12,1925113.12,0.0,0.0,0.0
1009206.33,1009206.33,0.0,0.0,0.0
1544422.35,1544422.35,0.0,0.0,0.0
1441473.82,1441473.82,0.0,0.0,0.0
1888119.7,1888119.7,0.0,0.0,0.0
1462731.93,1462731.93,0.0,0.0,0.0
2209835.43,2209835.43,0.0,0.0,0.0
437926.79,437926.79,0.0,0.0,0.0
1569502.0,1569502.0,0.0,0.0,0.0
597644.02,597644.02,0.0,0.0,0.0
582525.42,582525.42,0.0,0.0,0.0
955466.84,955466.84,0.0,0.0,0.0
736335.69,736335.69,0.0,0.0,0.0
986504.93,986504.93,0.0,0.0,0.0
335345.82,335345.82,0.0,0.0,0.0
1363973.16,1363973.16,0.0,0.0,0.0
2125241.68,2125241.68,0.0,0.0,0.0
1707158.82,1707158.82,0.0,0.0,0.0
1683401.78,1683401.78,0.0,0.0,0.0
856796.1,856796.1,0.0,0.0,0.0
680954.81,680954.81,0.0,0.0,0.0
605960.2,605960.2,0.0,0.0,0.0
1351450.43,1351450.43,0.0,0.0,0.0
332901.94,332901.94,0.0,0.0,0.0
1239466.97,1239466.97,0.0,0.0,0.0
1320301.61,1320301.61,0.0,0.0,0.0
1938608.52,1938608.52,0.0,0.0,0.0
834663.52,834663.52,0.0,0.0,0.0
1148624.83,1148624.83,0.0,0.0,0.0
680579.49,680579.49,0.0,0.0,0.0
1832211.96,1832211.96,0.0,0.0,0.0
1387365.19,1387365.19,0.0,0.0,0.0
287033.64,287033.64,0.0,0.0,0.0
592355.24,592355.24,0.0,0.0,0.0
1344558.92,1344558.92,0.0,0.0,0.0
462080.47,462080.47,0.0,0.0,0.0
282235.73,282235.73,0.0,0.0,0.0
341704.59,341704.59,0.0,0.0,0.0
404753.3,404753.3,0.0,0.0,0.0
919503.4,919503.4,0.0,0.0,0.0
481897.98,481897.98,0.0,0.0,0.0
763961.82,763961.82,0.0,0.0,0.0
306858.69,306858.69,0.0,0.0,0.0
964683.8,964683.8,0.0,0.0,0.0
542009.46,542009.46,0.0,0.0,0.0
1950904.84,1950904.84,0.0,0.0,0.0
1523870.89,1523870.89,0.0,0.0,0.0
578790.36,578790.36,0.0,0.0,0.0
510427.53,510427.53,0.0,0.0,0.0
262893.76,262893.76,0.0,0.0,0.0
1340293.87,1340293.87,0.0,0.0,0.0
473766.97,473766.97,0.0,0.0,0.0
588448.21,588448.21,0.0,0.0,0.0
694531.72,694531.72,0.0,0.0,0.0
576837.09,576837.09,0.0,0.0,0.0
497085.91,497085.91,0.0,0.0,0.0
286117.72,286117.72,0.0,0.0,0.0
3526713.39,3526713.39,0.0,0.0,0.0
968694.45,968694.45,0.0,0.0,0.0
2273470.62,2273470.62,0.0,0.0,0.0
2068097.18,2068097.18,0.0,0.0,0.0
936001.98,936001.98,0.0,0.0,0.0
1768249.89,1768249.89,0.0,0.0,0.0
373703.95,373703.95,0.0,0.0,0.0
921161.2,921161.2,0.0,0.0,0.0
1540471.24,1540471.24,0.0,0.0,0.0
1139131.78,1139131.78,0.0,0.0,0.0
306336.07,306336.07,0.0,0.0,0.0
537300.94,537300.94,0.0,0.0,0.0
1615987.96,1615987.96,0.0,0.0,0.0
1181793.55,1181793.55,0.0,0.0,0.0
777254.06,777254.06,0.0,0.0,0.0
1370653.41,1370653.41,0.0,0.0,0.0
850708.6,850708.6,0.0,0.0,0.0
1001069.52,1001069.52,0.0,0.0,0.0
658965.05,658965.05,0.0,0.0,0.0
1043698.64,1043698.64,0.0,0.0,0.0
1099055.65,1099055.65,0.0,0.0,0.0
933487.71,933487.71,0.0,0.0,0.0
1011321.18,1011321.18,0.0,0.0,0.0
